City_ID,City,Country,Lat,Lng,Max Temp,Humidity,Cloudiness,Wind Speed,Current Description
0,Indian Head,US,38.6001,-77.1622,50.16,59,100,5.75,overcast clouds
1,Albany,US,42.6001,-73.9662,36.63,82,87,2.93,overcast clouds
2,Rikitea,PF,-23.1203,-134.9692,78.75,70,13,6.62,few clouds
3,Saint-Philippe,RE,-21.3585,55.7679,76.59,84,37,8.05,scattered clouds
4,Cidreira,BR,-30.1811,-50.2056,74.5,87,99,2.71,overcast clouds
5,Bredasdorp,ZA,-34.5322,20.0403,60.12,88,0,3.44,clear sky
6,Nizhniy Tsasuchey,RU,50.5167,115.1333,16.03,50,0,7.47,clear sky
7,Jamestown,US,42.097,-79.2353,33.03,57,0,5.75,clear sky
8,Qaanaaq,GL,77.484,-69.3632,-6.23,80,100,2.1,overcast clouds
9,Vila,PT,42.0304,-8.1588,40.69,93,100,11.18,light rain
10,Yellowknife,CA,62.456,-114.3525,0.28,66,94,10.0,overcast clouds
11,Lebu,CL,-37.6167,-73.65,58.55,86,40,22.5,scattered clouds
12,Cayenne,GF,4.9333,-52.3333,81.09,56,75,3.0,broken clouds
13,Kodiak,US,57.79,-152.4072,44.11,81,100,8.05,overcast clouds
14,Ushuaia,AR,-54.8,-68.3,47.86,76,75,4.61,broken clouds
15,Roald,NO,62.5833,6.1333,50.14,53,75,11.5,broken clouds
16,Azul,AR,-36.777,-59.8585,59.41,46,1,5.39,clear sky
17,Limoges,FR,45.75,1.3333,46.67,87,0,10.36,clear sky
18,Avarua,CK,-21.2078,-159.775,82.45,78,75,6.91,broken clouds
19,Kapaa,US,22.0752,-159.319,82.11,71,20,9.22,few clouds
20,Esperance,AU,-33.8667,121.9,67.01,64,52,11.52,broken clouds
21,Marzuq,YE,14.4,46.4667,64.24,18,45,5.66,scattered clouds
22,Cap Malheureux,MU,-19.9842,57.6142,77.47,88,3,1.01,clear sky
23,Pakokku,MM,21.3333,95.1,77.29,34,7,5.55,clear sky
24,Khatanga,RU,71.9667,102.5,-25.17,100,100,4.81,overcast clouds
25,Sokoto,NG,13.0609,5.239,80.51,17,54,10.25,broken clouds
26,Sibolga,ID,1.7427,98.7792,76.64,87,100,1.57,overcast clouds
27,Leh,IN,34.1667,77.5833,3.09,69,43,3.38,scattered clouds
28,Ancud,CL,-41.8697,-73.8203,58.23,89,37,3.83,scattered clouds
29,Atuona,PF,-9.8,-139.0333,78.31,73,16,15.12,few clouds
30,Port Blair,IN,11.6667,92.75,77.04,94,20,1.14,mist
31,Punta Arenas,CL,-53.15,-70.9167,57.31,72,75,12.66,broken clouds
32,Acari,PE,-15.4311,-74.6158,75.34,73,66,4.25,broken clouds
33,Touros,BR,-5.1989,-35.4608,81.18,75,100,14.0,overcast clouds
34,Vestmannaeyjar,IS,63.4427,-20.2734,47.37,78,100,26.11,overcast clouds
35,Chokurdakh,RU,70.6333,147.9167,-13.05,100,98,6.22,overcast clouds
36,Hermanus,ZA,-34.4187,19.2345,66.79,87,0,10.69,clear sky
37,Semporna,MY,4.4818,118.6112,81.77,77,79,3.4,broken clouds
38,Trinidad,BO,-14.8333,-64.9,74.57,97,100,3.51,overcast clouds
39,Gold Coast,AU,-28.0,153.4333,80.24,89,100,8.05,overcast clouds
40,Mangit,UZ,40.5971,70.9607,54.05,50,98,4.23,overcast clouds
41,Thompson,CA,55.7435,-97.8558,-2.04,55,75,13.8,broken clouds
42,Nouadhibou,MR,20.931,-17.0347,66.18,72,0,20.71,clear sky
43,Tucuman,AR,-26.8241,-65.2226,66.2,100,100,3.44,mist
44,Katsuura,JP,35.1333,140.3,57.61,53,61,11.01,broken clouds
45,Mataura,NZ,-46.1927,168.8643,66.47,56,100,7.4,light rain
46,Puerto Ayora,EC,-0.7393,-90.3518,80.55,88,80,3.0,broken clouds
47,Hithadhoo,MV,-0.6,73.0833,81.88,59,16,3.69,few clouds
48,Ponta Do Sol,PT,32.6667,-17.1,65.07,77,83,6.06,broken clouds
49,Lasa,IT,46.6166,10.7002,33.03,85,10,2.19,clear sky
50,Hobart,AU,-42.8794,147.3294,66.06,50,20,9.22,few clouds
51,Carnarvon,AU,-24.8667,113.6333,78.87,89,75,5.75,broken clouds
52,Cape Town,ZA,-33.9258,18.4232,67.12,80,0,5.66,clear sky
53,Chifeng,CN,42.2683,118.9636,37.45,33,48,1.72,scattered clouds
54,Kruisfontein,ZA,-34.0033,24.7314,64.15,94,0,5.23,clear sky
55,Lodja,CD,-3.4833,23.4333,70.84,97,80,2.51,broken clouds
56,Longyearbyen,SJ,78.2186,15.6401,22.84,74,40,24.16,scattered clouds
57,Khorixas,NA,-20.3667,14.9667,79.54,45,68,4.72,broken clouds
58,Kirkuk,IQ,35.4681,44.3922,56.35,53,32,7.56,scattered clouds
59,Boysun,UZ,38.2061,67.1986,49.26,62,75,6.35,broken clouds
60,Na Wa,TH,17.4897,104.1006,78.24,70,75,6.17,broken clouds
61,Bathsheba,BB,13.2167,-59.5167,79.41,78,40,21.85,scattered clouds
62,Natal,BR,-5.795,-35.2094,82.62,78,20,10.36,few clouds
63,Gat,IL,31.61,34.7642,54.28,100,32,21.18,scattered clouds
64,Bambous Virieux,MU,-20.3428,57.7575,79.05,89,40,4.61,light rain
65,Solnechnyy,RU,50.7214,136.6319,21.18,91,100,4.68,light snow
66,Itoman,JP,26.1247,127.6694,69.82,56,75,10.36,broken clouds
67,Wawa,NG,9.9022,4.4192,88.63,26,96,2.86,overcast clouds
68,Saint George,US,37.1041,-113.5841,48.63,21,20,24.16,few clouds
69,Nikolskoye,RU,59.7035,30.7861,23.81,86,13,7.38,few clouds
70,Kavieng,PG,-2.5744,150.7967,82.94,73,100,5.88,light rain
71,Barrow,US,71.2906,-156.7887,-11.18,70,0,5.75,haze
72,Margate,GB,51.3813,1.3862,49.3,75,12,3.0,few clouds
73,Hobyo,SO,5.3505,48.5268,77.11,69,84,11.77,broken clouds
74,Saskylakh,RU,71.9167,114.0833,-32.17,100,99,3.83,overcast clouds
75,Kilifi,KE,-3.6305,39.8499,76.3,82,55,4.9,broken clouds
76,Georgetown,MY,5.4112,100.3354,80.53,93,20,2.3,few clouds
77,Villa Bruzual,VE,9.3328,-69.1208,81.77,64,90,3.67,overcast clouds
78,Tuktoyaktuk,CA,69.4541,-133.0374,-18.4,76,75,5.75,broken clouds
79,Ribeira Grande,PT,38.5167,-28.7,58.48,60,100,19.91,overcast clouds
80,Tiksi,RU,71.6872,128.8694,-14.57,99,100,2.73,overcast clouds
81,Pandharpur,IN,17.6667,75.3333,77.97,34,69,4.9,broken clouds
82,Pingliang,CN,35.5392,106.6861,48.96,83,69,0.54,broken clouds
83,Provideniya,RU,64.3833,-173.3,19.51,73,0,38.03,clear sky
84,Aragarcas,BR,-15.8975,-52.2508,74.43,82,77,2.04,broken clouds
85,Kununurra,AU,-15.7667,128.7333,85.98,79,97,3.44,overcast clouds
86,Arraial Do Cabo,BR,-22.9661,-42.0278,78.33,84,0,25.34,clear sky
87,Egvekinot,RU,66.3167,-179.1667,12.11,56,0,19.04,clear sky
88,Vao,NC,-22.6667,167.4833,78.31,80,31,7.92,scattered clouds
89,Coquimbo,CL,-29.9533,-71.3436,65.05,75,0,5.61,clear sky
90,Nanortalik,GL,60.1432,-45.2371,8.74,72,1,6.73,clear sky
91,New Norfolk,AU,-42.7826,147.0587,66.65,44,6,5.99,clear sky
92,Sisimiut,GL,66.9395,-53.6735,-9.54,96,54,5.19,broken clouds
93,Sindor,RU,62.8629,51.8905,1.69,94,14,7.56,few clouds
94,Pravda,RU,46.9396,142.009,36.72,99,100,14.0,overcast clouds
95,Buala,SB,-8.145,159.5921,85.86,68,91,4.07,overcast clouds
96,Puerto Cabezas,NI,14.0351,-83.3888,76.91,78,1,6.2,clear sky
97,Busselton,AU,-33.65,115.3333,77.0,42,60,10.58,broken clouds
98,Butaritari,KI,3.0707,172.7902,80.8,82,70,15.61,moderate rain
99,Amga,RU,60.8953,131.9608,-4.23,99,100,1.39,overcast clouds
100,Teodoro Sampaio,BR,-22.5325,-52.1675,71.85,94,97,4.47,heavy intensity rain
101,Amapa,BR,1.0,-52.0,71.65,99,100,0.92,overcast clouds
102,Maldonado,UY,-34.6667,-54.9167,63.23,66,99,7.94,overcast clouds
103,Manakara,MG,-22.1333,48.0167,74.77,92,34,1.88,scattered clouds
104,Porto Belo,BR,-27.1578,-48.5531,82.26,91,40,6.38,moderate rain
105,Zyryanovsk,KZ,49.7386,84.2719,8.19,97,96,3.18,overcast clouds
106,Ginir,ET,7.1333,40.7,58.24,54,84,2.64,broken clouds
107,Aklavik,CA,68.2191,-135.0107,-4.0,65,75,8.05,broken clouds
108,Port-Cartier,CA,50.0334,-66.8654,25.02,75,6,11.48,clear sky
109,Auki,SB,-8.7676,160.7034,86.23,66,72,4.25,broken clouds
110,Medina Del Campo,ES,41.3124,-4.9141,47.8,71,65,11.05,broken clouds
111,Wajima,JP,37.4,136.9,52.48,43,0,11.5,clear sky
112,Malinovoye Ozero,RU,51.6753,79.7825,5.07,96,30,5.7,scattered clouds
113,Pemangkat,ID,1.1667,108.9667,78.35,86,99,6.46,overcast clouds
114,Portland,US,45.5234,-122.6762,52.99,37,75,5.75,broken clouds
115,Rawson,AR,-43.3002,-65.1023,59.14,62,36,13.42,scattered clouds
116,Chuy,UY,-33.6971,-53.4616,66.7,77,100,12.41,overcast clouds
117,Narsaq,GL,60.9167,-46.05,3.42,78,0,6.04,clear sky
118,Ust-Maya,RU,60.4167,134.5333,-3.75,98,100,1.1,overcast clouds
119,Rimouski,CA,48.4488,-68.524,31.68,78,26,9.66,scattered clouds
120,Itarema,BR,-2.9248,-39.9167,77.86,88,99,6.78,overcast clouds
121,Morondava,MG,-20.2833,44.2833,79.63,86,100,4.83,light rain
122,Saint-Augustin,CA,51.226,-58.6502,24.71,90,100,12.5,overcast clouds
123,Sobolevo,RU,54.4299,31.8996,8.74,94,41,6.24,scattered clouds
124,Tasiilaq,GL,65.6145,-37.6368,22.66,82,100,17.16,snow
125,Beringovskiy,RU,63.05,179.3167,8.44,74,1,16.22,clear sky
126,Podgornoye,RU,51.735,39.1496,14.22,62,75,13.42,light snow
127,Vaini,TO,-21.2,-175.2,78.96,89,75,6.91,broken clouds
128,Lorengau,PG,-2.0226,147.2712,83.08,72,99,2.55,light rain
129,Andenes,NO,69.3143,16.1194,40.98,81,75,20.71,broken clouds
130,Husavik,IS,66.0449,-17.3389,38.5,87,100,11.81,overcast clouds
131,Camacha,PT,33.0833,-16.3333,60.22,88,20,9.22,few clouds
132,Amarillo,US,35.222,-101.8313,26.38,63,40,20.71,scattered clouds
133,Bangkalan,ID,-7.0455,112.7351,81.03,84,84,2.89,broken clouds
134,Fort Nelson,CA,58.8053,-122.7002,11.79,44,75,6.91,broken clouds
135,Mehamn,NO,71.0357,27.8492,37.8,95,100,39.46,overcast clouds
136,Zaozerne,UA,45.1582,33.2787,24.69,77,56,15.84,broken clouds
137,Kitimat,CA,54.0524,-128.6534,37.9,35,100,3.94,light rain
138,Dandong,CN,40.1292,124.3947,44.2,78,98,4.85,overcast clouds
139,Taoudenni,ML,22.6783,-3.9836,69.24,14,0,14.63,clear sky
140,Cabo San Lucas,MX,22.8909,-109.9124,74.61,46,2,5.01,clear sky
141,Bubaque,GW,11.2833,-15.8333,75.69,73,51,15.88,broken clouds
142,Russell,US,32.3502,-85.1999,65.43,78,20,0.0,few clouds
143,Port Elizabeth,ZA,-33.918,25.5701,62.89,94,0,0.0,clear sky
144,East London,ZA,-33.0153,27.9116,70.9,86,25,6.11,scattered clouds
145,Bellevue,US,47.6104,-122.2007,48.38,38,100,5.75,overcast clouds
146,Tura,IN,25.5198,90.2201,66.65,29,6,2.44,clear sky
147,Hasaki,JP,35.7333,140.8333,54.28,74,100,14.74,overcast clouds
148,Dagua,CO,3.6569,-76.6886,77.5,96,73,3.09,broken clouds
149,Yulara,AU,-25.2406,130.9889,78.64,22,16,11.5,few clouds
150,Sola,VU,-13.8833,167.55,83.25,73,94,10.18,overcast clouds
151,Bilibino,RU,68.0546,166.4372,8.78,75,11,2.35,few clouds
152,Kaitangata,NZ,-46.2817,169.8464,69.71,51,79,7.07,broken clouds
153,Radcliff,US,37.8404,-85.9491,51.04,46,0,0.0,clear sky
154,Mackenzie,CA,55.2999,-123.1698,32.22,37,100,11.5,overcast clouds
155,El Tigre,VE,8.8875,-64.2454,79.54,67,97,13.4,overcast clouds
156,Salalah,OM,17.0151,54.0924,71.67,51,0,1.48,clear sky
157,Kidal,ML,18.4411,1.4078,75.78,14,13,10.31,few clouds
158,Mondlo,ZA,-27.983,30.7177,62.47,94,77,3.18,broken clouds
159,Ushirombo,TZ,-3.4919,31.9639,65.44,92,96,2.66,overcast clouds
160,Nantucket,US,41.2835,-70.0995,39.31,87,0,5.75,clear sky
161,Mahebourg,MU,-20.4081,57.7,79.09,89,40,4.61,scattered clouds
162,Ilulissat,GL,69.2167,-51.1,-11.4,95,77,5.91,broken clouds
163,Agapovka,RU,53.2973,59.1348,2.41,95,100,12.37,overcast clouds
164,Coihaique,CL,-45.5752,-72.0662,57.81,72,40,3.44,scattered clouds
165,Nabire,ID,-3.3667,135.4833,77.99,91,100,2.08,light rain
166,Skibotn,NO,69.3913,20.2679,37.17,95,99,11.48,overcast clouds
167,Seminole,US,28.7086,-81.2081,70.16,93,100,5.75,overcast clouds
168,Hilo,US,19.7297,-155.09,82.13,74,20,13.8,few clouds
169,Paracuru,BR,-3.41,-39.0306,75.11,86,98,8.95,overcast clouds
170,Babushkin,RU,51.7122,105.8647,14.49,93,97,1.5,overcast clouds
171,Enid,US,36.3956,-97.8784,29.88,69,100,21.85,overcast clouds
172,Geraldton,AU,-28.7667,114.6,81.01,36,1,4.61,clear sky
173,Saint-Pierre,RE,-21.3393,55.4781,76.68,78,0,4.61,clear sky
174,Odessa,UA,46.4775,30.7326,22.39,71,98,19.3,overcast clouds
175,Douglas,US,41.3,-96.167,28.27,54,0,5.75,clear sky
176,Bondoukou,CI,8.0333,-2.8,81.07,31,94,5.35,overcast clouds
177,Zhigansk,RU,66.7697,123.3711,-10.28,93,99,3.83,overcast clouds
178,Tessalit,ML,20.1986,1.0114,72.73,18,23,11.86,few clouds
179,San Jose,US,37.3394,-121.895,69.91,19,0,11.5,clear sky
180,Arandis,NA,-22.4167,14.9667,76.62,49,47,2.55,scattered clouds
181,Padang,ID,-0.9492,100.3543,75.25,86,98,3.94,overcast clouds
182,Ulaangom,MN,49.9811,92.0667,14.32,84,98,1.74,overcast clouds
183,Upata,VE,8.0086,-62.3989,73.18,91,90,3.89,overcast clouds
184,Phonhong,LA,18.5007,102.4166,74.95,81,26,2.06,scattered clouds
185,Fukue,JP,32.6881,128.8419,62.96,67,0,9.22,clear sky
186,Coos Bay,US,43.3665,-124.2179,62.31,74,0,12.66,clear sky
187,Tocopilla,CL,-22.092,-70.1979,70.86,81,35,8.79,scattered clouds
188,Gunjur,GM,13.2019,-16.7339,69.87,64,81,8.05,broken clouds
189,Dryden,CA,49.7833,-92.7503,8.89,52,100,12.66,overcast clouds
190,Cabedelo,BR,-6.9811,-34.8339,81.27,73,99,14.36,overcast clouds
191,Sartana,UA,47.1744,37.6927,24.75,70,100,12.1,overcast clouds
192,Berezovyy,RU,51.6667,135.7,20.84,91,100,7.34,light snow
193,Imbituba,BR,-28.24,-48.6703,77.83,95,64,6.13,heavy intensity rain
194,Bulgan,MN,48.8125,103.5347,25.27,72,100,1.57,overcast clouds
195,North Bend,US,43.4065,-124.2243,62.24,74,0,12.66,clear sky
196,Naze,JP,28.3667,129.4833,61.72,65,99,7.76,overcast clouds
197,Ternate,ID,0.8,127.4,82.87,77,84,4.29,broken clouds
198,Dillon,US,34.4166,-79.3712,52.11,83,100,6.08,overcast clouds
199,Leningradskiy,RU,69.3833,178.4167,11.86,78,2,7.52,clear sky
200,Puerto Madryn,AR,-42.7692,-65.0385,58.98,62,53,10.18,broken clouds
201,Roma,US,43.2128,-75.4557,34.88,82,0,5.75,clear sky
202,Bilma,NE,18.6853,12.9164,69.3,24,9,12.03,clear sky
203,Mossendjo,CG,-2.9506,12.7261,70.41,99,100,3.44,moderate rain
204,Boguchany,RU,58.3814,97.4531,-21.21,100,98,1.25,overcast clouds
205,Valentin Gomez Farias,MX,28.2167,-106.5833,65.28,7,36,26.26,scattered clouds
206,Broken Hill,AU,-31.95,141.4333,69.62,32,15,14.43,few clouds
207,Carutapera,BR,-1.195,-46.02,75.25,93,100,2.71,overcast clouds
208,Bat Khela,PK,34.6167,71.9714,56.71,42,30,6.8,scattered clouds
209,Voh,NC,-20.9667,164.7,87.82,53,54,10.25,broken clouds
210,Altea,ES,38.5989,-0.0514,55.69,86,95,1.01,overcast clouds
211,Kahului,US,20.8947,-156.47,89.62,57,40,17.27,scattered clouds
212,Gamba,GA,-2.65,10.0,79.34,83,100,5.55,overcast clouds
213,Conceicao Da Barra,BR,-18.5933,-39.7322,76.82,84,26,5.3,scattered clouds
214,Rivne,UA,50.6231,26.2274,20.34,55,0,9.57,clear sky
215,Los Llanos De Aridane,ES,28.6585,-17.9182,58.75,82,0,8.05,clear sky
216,Tecoanapa,MX,16.5167,-98.75,81.48,63,1,10.49,clear sky
217,Bardiyah,LY,31.7561,25.0865,52.03,56,39,22.17,scattered clouds
218,Bandarbeyla,SO,9.4942,50.8122,75.33,73,100,9.33,overcast clouds
219,Biltine,TD,14.5333,20.9167,76.89,21,21,24.61,few clouds
220,San Patricio,US,28.017,-97.5169,67.17,81,100,9.17,overcast clouds
221,Henties Bay,NA,-22.116,14.2845,66.15,86,70,5.32,broken clouds
222,Nzega,RW,-2.479,29.5564,56.59,91,100,4.14,overcast clouds
223,Naujamiestis,LT,55.6869,24.1523,23.09,66,5,5.55,clear sky
224,Torbay,CA,47.6666,-52.7314,30.58,78,0,19.57,clear sky
225,Vung Tau,VN,10.346,107.0843,76.42,83,95,7.23,overcast clouds
226,Bluff,NZ,-46.6,168.3333,66.79,64,99,10.58,overcast clouds
227,Honggang,CN,46.4667,124.8667,27.99,61,0,17.63,clear sky
228,Champerico,GT,14.3,-91.9167,79.34,60,8,6.02,clear sky
229,Mobaye,CF,4.319,21.1786,74.91,85,99,4.56,overcast clouds
230,Tual,ID,-5.6667,132.75,83.88,68,97,1.88,moderate rain
231,Aswan,EG,24.0934,32.907,58.55,32,53,16.67,broken clouds
232,Namatanai,PG,-3.6667,152.4333,83.39,70,100,3.58,light rain
233,Fortuna,US,40.5982,-124.1573,60.85,57,0,12.66,clear sky
234,Port Macquarie,AU,-31.4333,152.9167,72.9,58,88,7.94,overcast clouds
235,Upernavik,GL,72.7868,-56.1549,-14.17,99,59,2.86,broken clouds
236,Snezhnogorsk,RU,69.1933,33.2531,28.18,84,84,19.3,broken clouds
237,Dikson,RU,73.5069,80.5464,-14.15,99,86,16.96,overcast clouds
238,Ginda,IN,30.6945,78.4932,47.52,27,0,8.9,clear sky
239,Pevek,RU,69.7008,170.3133,13.62,71,4,8.68,clear sky
240,Port Alfred,ZA,-33.5906,26.891,71.98,79,63,3.49,broken clouds
241,Severo-Kurilsk,RU,50.6789,156.125,31.03,93,100,17.2,light snow
242,Lompoc,US,34.6391,-120.4579,73.02,52,0,19.57,clear sky
243,Mar Del Plata,AR,-38.0023,-57.5575,65.88,68,0,4.0,clear sky
244,Luwuk,ID,-0.9516,122.7875,82.2,83,60,1.61,light rain
245,Tuatapere,NZ,-46.1333,167.6833,70.9,54,99,7.31,overcast clouds
246,Alice Springs,AU,-23.7,133.8833,82.22,20,33,10.36,scattered clouds
247,Grindavik,IS,63.8424,-22.4338,45.07,93,75,14.97,broken clouds
248,Ostersund,SE,63.1792,14.6357,32.45,74,75,9.22,broken clouds
249,Castro,BR,-24.7911,-50.0119,64.58,97,79,3.11,broken clouds
250,Vallenar,CL,-28.5708,-70.7581,71.71,57,0,3.91,clear sky
251,Puerto Escondido,MX,15.85,-97.0667,83.23,69,0,0.0,clear sky
252,Takoradi,GH,4.8845,-1.7554,81.32,85,93,6.96,overcast clouds
253,Iqaluit,CA,63.7506,-68.5145,-13.27,83,40,4.61,scattered clouds
254,Mayo,US,38.8876,-76.5119,48.18,72,100,1.01,overcast clouds
255,Clyde River,CA,70.4692,-68.5914,-25.37,75,0,2.3,clear sky
256,Dordrecht,NL,51.81,4.6736,48.06,57,5,3.0,clear sky
257,Baghdad,IQ,33.3406,44.4009,62.51,45,0,9.22,clear sky
258,Katangli,RU,51.7102,143.2326,23.38,93,74,12.73,broken clouds
259,Poronaysk,RU,49.2167,143.1167,26.64,95,100,3.71,light snow
260,Ajdabiya,LY,30.7554,20.2263,50.5,59,34,8.57,scattered clouds
261,Arroio Grande,BR,-32.2375,-53.0869,68.13,86,100,5.93,light rain
262,Alyangula,AU,-13.8483,136.4192,87.24,68,58,7.36,broken clouds
263,Nioro,GM,13.35,-15.75,79.38,26,61,9.22,broken clouds
264,Ukiah,US,39.1502,-123.2078,72.37,24,0,5.75,clear sky
265,Charters Towers,AU,-20.1,146.2667,86.72,57,100,8.08,overcast clouds
266,San Cristobal,VE,7.7669,-72.225,71.78,92,83,2.04,broken clouds
267,Lamu,KE,-2.2717,40.902,79.02,81,22,10.04,few clouds
268,Sitka,US,57.0531,-135.33,42.69,75,100,12.66,moderate rain
269,Cavalcante,BR,-13.7975,-47.4583,69.55,79,54,1.99,broken clouds
270,Halifax,CA,44.6453,-63.5724,35.6,93,40,11.5,scattered clouds
271,Srednekolymsk,RU,67.45,153.6833,1.76,93,99,2.37,overcast clouds
272,Petropavlovsk-Kamchatskiy,RU,53.0452,158.6483,37.99,52,75,15.66,broken clouds
273,Ostrovnoy,RU,68.0531,39.5131,28.94,93,84,16.37,broken clouds
274,Vostok,RU,46.4856,135.8833,31.68,83,39,8.9,scattered clouds
275,Khawhai,IN,23.3667,93.1167,49.12,48,63,2.55,broken clouds
276,Acapulco,MX,16.8634,-99.8901,78.62,73,0,12.66,clear sky
277,Palana,RU,59.1167,159.9667,23.7,76,55,7.96,broken clouds
278,Flin Flon,CA,54.7682,-101.865,-2.36,50,40,16.11,scattered clouds
279,Kyaukse,MM,21.6,96.1333,66.2,63,40,0.0,haze
280,Vagur,FO,61.4732,-6.8119,44.74,81,100,28.34,overcast clouds
281,Le Vauclin,MQ,14.5452,-60.8388,78.85,73,75,17.27,broken clouds
282,Jumla,NP,29.2747,82.1838,38.46,62,60,5.68,broken clouds
283,Taloqan,AF,36.7361,69.5345,57.72,45,99,6.31,overcast clouds
284,Laguna,US,38.421,-121.4238,68.43,13,0,17.27,clear sky
285,Tashtyp,RU,52.7939,89.8983,12.9,95,100,1.23,overcast clouds
286,Pinega,RU,64.7001,43.3936,19.83,93,100,9.66,overcast clouds
287,Pisco,PE,-13.7,-76.2167,71.65,73,0,12.66,heavy intensity rain
288,Payson,US,40.0444,-111.7321,29.68,44,40,19.57,scattered clouds
289,Cochrane,CA,51.1834,-114.4687,21.76,53,100,12.66,overcast clouds
290,Sao Filipe,CV,14.8961,-24.4956,71.04,70,23,10.27,few clouds
291,Soimari,RO,45.1833,26.2,22.73,53,13,3.87,few clouds
292,Punta Alta,AR,-38.8759,-62.0736,65.39,57,94,15.37,overcast clouds
293,Susanville,US,40.4163,-120.653,45.66,22,0,6.91,clear sky
294,Bahadurganj,IN,26.2667,87.8167,66.79,31,0,6.08,clear sky
295,Coahuayana,MX,18.7333,-103.6833,78.67,56,14,5.5,few clouds
296,Saldanha,ZA,-33.0117,17.9442,64.45,89,0,7.81,clear sky
297,Oriximina,BR,-1.7656,-55.8661,73.94,94,98,2.91,overcast clouds
298,Bethel,US,41.3712,-73.414,41.76,72,100,1.61,overcast clouds
299,Guane,CU,22.2025,-84.0875,77.2,80,20,8.43,few clouds
300,Podgorodnyaya Pokrovka,RU,51.8281,54.9874,15.93,94,100,15.99,light snow
301,Zharkent,KZ,44.1628,80.0,40.78,57,88,4.34,overcast clouds
302,Haines Junction,CA,60.7522,-137.5108,33.75,55,100,3.44,overcast clouds
303,Daru,PG,-9.0763,143.2092,80.38,86,100,6.46,moderate rain
304,Okhotsk,RU,59.3833,143.3,22.68,92,100,4.23,overcast clouds
305,Anshun,CN,26.25,105.9333,54.12,96,99,4.25,overcast clouds
306,Odienne,CI,9.51,-7.5692,79.81,17,24,3.96,few clouds
307,Vaitape,PF,-16.5167,-151.75,81.1,72,41,11.01,scattered clouds
308,Waipawa,NZ,-41.4122,175.5153,70.32,58,1,5.84,clear sky
309,Neuquen,AR,-38.9516,-68.0591,67.89,52,0,3.44,clear sky
310,Maridi,SS,4.9158,29.4742,77.99,38,68,4.99,broken clouds
311,Velizh,RU,55.6056,31.1967,13.33,95,61,2.55,broken clouds
312,Almaznyy,RU,48.0448,40.045,19.51,80,19,8.75,few clouds
313,Codrington,AU,-38.2667,141.9667,63.59,55,55,8.28,broken clouds
314,Bud,US,39.447,-86.1758,46.67,64,25,3.4,scattered clouds
315,Melioratorov,RU,57.2107,65.6077,-10.82,84,0,4.47,clear sky
316,Kihei,US,20.785,-156.4656,89.62,61,40,17.27,light rain
317,Sept-Iles,CA,50.2001,-66.3821,25.32,46,75,6.91,broken clouds
318,Fairbanks,US,64.8378,-147.7164,23.02,59,100,13.8,overcast clouds
319,Batagay-Alyta,RU,67.8006,130.4114,-3.15,97,100,1.74,overcast clouds
320,Kurilsk,RU,45.2333,147.8833,36.21,64,86,5.37,overcast clouds
321,Yuzhno-Kurilsk,RU,44.0306,145.8556,34.07,83,79,7.4,broken clouds
322,Mount Gambier,AU,-37.8333,140.7667,62.51,55,40,9.22,scattered clouds
323,Sandwick,GB,60.0,-1.25,46.22,87,20,19.57,few clouds
324,Waingapu,ID,-9.6567,120.2641,81.05,84,53,3.42,broken clouds
325,Majene,ID,-3.5403,118.9707,80.89,82,96,4.36,overcast clouds
326,Lagunas,PE,-5.2269,-75.6753,74.88,98,70,2.17,heavy intensity rain
327,Robertsport,LR,6.7533,-11.3686,79.59,91,91,7.54,overcast clouds
328,Vila Velha,BR,-20.3297,-40.2925,76.95,92,40,3.44,scattered clouds
329,Viedma,AR,-40.8135,-62.9967,59.86,61,30,8.3,scattered clouds
330,Vega De Alatorre,MX,20.0333,-96.6333,72.07,83,46,4.72,scattered clouds
331,Zaraza,VE,9.3503,-65.3245,76.95,79,95,9.22,overcast clouds
332,Ulaanbaatar,MN,47.9077,106.8832,19.53,58,75,4.47,broken clouds
333,Dukat,RU,62.55,155.55,15.66,90,100,2.28,overcast clouds
334,Lazaro Cardenas,MX,17.9583,-102.2,79.11,59,0,10.25,clear sky
335,Aykhal,RU,66.0,111.5,-0.89,99,100,3.44,overcast clouds
336,Qarayeri,AZ,40.7886,46.3066,40.08,81,100,20.71,overcast clouds
337,Ribeira Brava,PT,32.65,-17.0667,65.07,78,80,6.22,broken clouds
338,Griffith,US,41.5284,-87.4237,26.1,88,100,11.5,light snow
339,Burnie,AU,-41.0667,145.9167,61.52,53,2,1.45,clear sky
340,Calvinia,ZA,-31.4707,19.776,79.97,25,24,3.85,few clouds
341,Namtsy,RU,62.7161,129.6658,-5.62,98,99,0.67,overcast clouds
342,Tayu,ID,-6.5397,111.0518,77.94,84,73,2.53,broken clouds
343,Marawi,PH,7.9986,124.2928,74.62,86,46,1.45,scattered clouds
344,Kirakira,SB,-10.4544,161.9205,86.07,68,44,4.12,scattered clouds
345,Mineiros,BR,-17.5694,-52.5511,71.22,76,83,3.11,broken clouds
346,Valpacos,PT,41.6075,-7.3109,50.74,86,98,13.76,light rain
347,Tigil,RU,57.8,158.6667,25.05,81,98,2.15,overcast clouds
348,Point Fortin,TT,10.1833,-61.6833,78.85,84,97,12.62,overcast clouds
349,Sosva,RU,59.1766,61.8558,-15.86,100,57,1.99,broken clouds
350,Ahipara,NZ,-35.1667,173.1667,74.03,57,37,9.89,scattered clouds
351,Sembe,CG,1.6481,14.5806,72.03,97,100,3.62,overcast clouds
352,Banda Aceh,ID,5.5577,95.3222,78.69,80,97,5.26,overcast clouds
353,Poum,NC,-20.2333,164.0167,82.96,67,36,12.55,scattered clouds
354,Faanui,PF,-16.4833,-151.75,81.09,72,40,11.03,scattered clouds
355,Sampit,ID,-2.5333,112.95,77.27,91,68,3.36,broken clouds
356,Rafai,CF,4.95,23.9167,75.97,65,99,2.13,overcast clouds
357,Deputatskiy,RU,69.3,139.9,-3.33,95,99,1.7,overcast clouds
358,Tairua,NZ,-37.0167,175.85,69.28,57,82,9.48,broken clouds
359,Pacaembu,BR,-21.5622,-51.2606,74.61,74,85,2.13,overcast clouds
360,Yarada,IN,17.65,83.2667,71.92,88,20,2.3,mist
361,Mogadishu,SO,2.0371,45.3438,77.23,76,73,16.64,broken clouds
362,Talnakh,RU,69.4865,88.3972,-23.8,98,63,7.47,broken clouds
363,Manono,CD,-7.3,27.4167,70.48,92,99,2.04,overcast clouds
364,Keti Bandar,PK,24.1447,67.4497,74.53,72,0,10.33,clear sky
365,Krasne,UA,49.9145,24.6134,22.35,47,0,7.85,clear sky
366,Islamkot,PK,24.6997,70.177,76.28,31,0,7.54,clear sky
367,Akyab,MM,20.15,92.9,69.87,66,13,6.29,few clouds
368,Airai,TL,-8.9266,125.4092,67.69,75,70,2.26,broken clouds
369,Acarau,BR,-2.8856,-40.12,78.31,86,98,7.58,overcast clouds
370,Sioux Lookout,CA,50.1001,-91.917,10.47,48,100,10.36,overcast clouds
371,Santa Marta,CO,11.2408,-74.199,83.89,65,40,16.11,scattered clouds
372,La Asuncion,VE,11.0333,-63.8628,76.08,87,93,10.11,overcast clouds
373,Eyl,SO,7.9803,49.8164,72.91,75,100,9.01,overcast clouds
374,Aquiraz,BR,-3.9014,-38.3911,82.06,86,99,8.16,heavy intensity rain
375,Otane,NZ,-39.8833,176.6333,71.4,45,0,7.49,clear sky
376,Kijang,KR,35.2442,129.2139,49.73,66,97,5.59,overcast clouds
377,San Policarpo,PH,12.1791,125.5072,79.7,87,99,11.32,moderate rain
378,Hamilton,US,39.1834,-84.5333,47.66,56,0,8.05,clear sky
379,Sorong,ID,-0.8833,131.25,80.6,84,100,6.67,moderate rain
380,Goundam,ML,16.4145,-3.6708,75.16,8,5,8.63,clear sky
381,Konispol,AL,39.6589,20.1814,41.95,56,98,6.91,overcast clouds
382,Lagoa,PT,39.05,-27.9833,57.0,60,100,20.31,overcast clouds
383,Saint Anthony,US,45.0205,-93.218,24.75,50,75,16.11,broken clouds
384,Bacabal,BR,-4.2917,-44.7917,74.19,98,100,4.65,heavy intensity rain
385,Tamandare,BR,-8.7597,-35.1047,79.12,75,46,7.76,scattered clouds
386,Shingu,JP,33.7333,135.9833,58.91,52,100,2.53,overcast clouds
387,Nova Olimpia,BR,-14.7972,-57.2881,71.33,93,98,1.7,overcast clouds
388,Marsh Harbour,BS,26.5412,-77.0636,75.7,85,8,10.38,clear sky
389,Spring Hill,US,28.4769,-82.5255,72.05,92,0,0.0,clear sky
390,Colares,PT,38.7992,-9.4469,60.33,84,100,23.0,overcast clouds
391,Kabo,CF,7.6994,18.629,79.86,45,100,4.32,overcast clouds
392,Baharampur,IN,24.1,88.25,70.65,24,6,4.45,clear sky
393,Mukerian,IN,31.9506,75.6158,57.49,71,4,2.39,clear sky
394,Vytegra,RU,61.0064,36.4481,21.06,93,100,9.04,overcast clouds
395,Broome,US,42.2506,-75.833,39.0,69,0,3.44,clear sky
396,Victoria,HK,22.2855,114.1577,71.26,79,1,11.01,clear sky
397,Odweyne,SO,9.4092,45.064,67.14,58,99,7.74,overcast clouds
398,Cherskiy,RU,68.75,161.3,17.04,75,79,6.46,broken clouds
399,Irbeyskoye,RU,55.6428,95.4522,-7.26,100,100,1.54,overcast clouds
400,Saint Austell,GB,50.3383,-4.7658,49.01,81,100,19.57,overcast clouds
401,Nizwa,OM,22.9333,57.5333,70.93,35,7,1.61,clear sky
402,Muskogee,US,35.5834,-95.3336,55.47,57,75,11.23,broken clouds
403,Mangrol,IN,21.1167,70.1167,75.7,47,0,9.62,clear sky
404,Kongolo,CD,-5.3833,27.0,71.2,98,100,3.53,overcast clouds
405,Harper,LR,4.375,-7.7169,80.31,89,73,7.85,broken clouds
406,Ramanagaram,IN,12.7167,77.3,66.51,56,0,3.06,clear sky
407,Oboyan,RU,51.2098,36.2792,12.24,91,100,17.6,overcast clouds
408,Zhanaozen,KZ,43.3,52.8,37.65,80,91,11.27,overcast clouds
409,Hokitika,NZ,-42.7167,170.9667,65.93,79,100,12.57,overcast clouds
410,Sabha,LY,27.0377,14.4283,49.77,40,16,12.21,few clouds
411,Nome,US,64.5011,-165.4064,24.87,64,0,33.38,clear sky
412,Minot,US,48.2325,-101.2963,10.62,79,100,29.93,overcast clouds
413,Batemans Bay,AU,-35.7167,150.1833,65.1,53,18,4.97,few clouds
414,Nea Kerasia,GR,40.4757,22.8689,37.89,46,40,2.3,scattered clouds
415,Kampong Thum,KH,12.7111,104.8887,83.17,64,20,6.71,few clouds
416,Chabahar,IR,25.2919,60.643,73.72,83,0,6.67,clear sky
417,Lakes Entrance,AU,-37.8811,147.981,68.16,60,0,3.67,clear sky
418,Norrtalje,SE,59.758,18.705,33.03,78,62,8.48,broken clouds
419,Palafrugell,ES,41.9174,3.1631,54.46,54,100,5.01,overcast clouds
420,Hofn,IS,64.2539,-15.2082,45.28,93,100,29.17,light rain
421,Gari,RU,59.4307,62.3497,-17.63,100,63,2.55,broken clouds
422,Hualmay,PE,-11.0964,-77.6139,72.37,82,93,7.7,overcast clouds
423,Paita,PE,-5.0892,-81.1144,75.42,78,100,12.1,overcast clouds
424,Port Hedland,AU,-20.3167,118.5667,91.45,52,9,6.91,clear sky
425,Goulburn,AU,-34.75,149.7167,64.6,58,50,6.33,scattered clouds
426,Buesaco,CO,1.3902,-77.1598,59.54,95,81,1.34,broken clouds
427,Klaksvik,FO,62.2266,-6.589,45.52,85,67,27.69,broken clouds
428,Clearwater,US,27.9659,-82.8001,74.1,82,0,5.99,clear sky
429,Nara,JP,34.6851,135.8049,51.69,39,79,1.05,broken clouds
430,Saryozek,KZ,44.3583,77.9753,35.24,82,89,2.48,overcast clouds
431,Ibra,OM,22.6906,58.5334,70.39,45,0,3.33,clear sky
432,Kibala,TD,9.1104,18.3463,84.25,38,100,4.61,overcast clouds
433,Baykit,RU,61.67,96.37,-22.09,100,88,2.59,overcast clouds
434,Moose Factory,CA,51.2585,-80.6094,3.18,51,0,3.44,clear sky
435,Muyezerskiy,RU,63.9333,31.65,30.99,91,100,12.91,overcast clouds
436,Bose,IT,45.4612,8.0137,41.76,59,92,4.16,overcast clouds
437,Inirida,CO,3.8653,-67.9239,77.76,85,88,2.82,overcast clouds
438,Saint-Georges,GD,12.0564,-61.7485,80.28,74,40,20.71,scattered clouds
439,Balkhash,KZ,46.844,74.9804,25.66,84,100,15.32,overcast clouds
440,Kayseri,TR,38.737,35.4968,28.42,86,100,12.66,mist
441,Port Shepstone,ZA,-30.7414,30.455,72.59,83,68,6.46,broken clouds
442,Petersburg,US,37.2279,-77.4019,46.58,86,100,0.0,overcast clouds
443,Enshi,CN,30.3,109.4833,64.81,76,0,0.58,clear sky
444,Kemin,KG,42.7846,75.6892,40.62,71,100,4.54,overcast clouds
445,Tadine,NC,-21.55,167.8833,81.45,77,50,9.04,scattered clouds
446,Huarmey,PE,-10.0681,-78.1522,73.49,80,67,7.96,broken clouds
447,Houma,US,29.5958,-90.7195,66.2,75,100,3.0,overcast clouds
448,Ekhabi,RU,53.5102,142.9671,21.69,76,70,10.67,broken clouds
449,Santa Cruz,BO,-17.8,-63.1667,76.46,88,75,4.61,broken clouds
450,Lukovetskiy,RU,64.2956,41.9211,20.91,95,100,8.77,overcast clouds
451,Kolchugino,RU,56.3,39.3833,4.42,99,68,3.29,broken clouds
452,Xenia,US,39.6848,-83.9296,44.83,60,40,4.61,scattered clouds
453,Kapit,MY,2.0167,112.9333,78.22,91,100,0.56,overcast clouds
454,Sault Sainte Marie,CA,46.5168,-84.3333,19.69,57,100,5.75,overcast clouds
455,Quatre Cocos,MU,-20.2078,57.7625,78.91,84,10,10.18,clear sky
456,Bereda,ES,43.2686,-7.5406,46.15,100,100,7.4,moderate rain
457,Bathurst,AU,-33.4166,149.5806,72.72,59,79,6.24,broken clouds
458,Trelew,AR,-43.249,-65.3051,58.32,60,1,6.71,clear sky
459,Labuhan,ID,-6.8844,112.2051,81.01,77,27,5.35,scattered clouds
460,Altay,CN,47.8667,88.1167,24.28,93,76,2.53,broken clouds
461,Bireun,ID,5.203,96.7009,78.96,80,100,3.47,overcast clouds
462,Corowa,AU,-36.0333,146.3833,75.42,45,0,7.43,clear sky
463,Punta De Piedra,VE,7.6176,-71.4916,78.21,70,11,2.59,few clouds
464,Faya,SA,18.3851,42.4509,62.71,67,100,4.34,overcast clouds
465,Gazojak,TM,41.1875,61.4036,54.03,66,100,7.72,overcast clouds
466,Tokoroa,NZ,-38.2333,175.8667,70.95,58,0,3.0,clear sky
467,Verkhnyaya Toyma,RU,62.2349,44.9985,16.45,96,100,7.34,overcast clouds
468,Liverpool,GB,53.4106,-2.9779,53.29,86,75,12.66,broken clouds
469,Nuuk,GL,64.1835,-51.7216,-11.33,88,17,6.62,few clouds
470,Indianola,US,41.3581,-93.5574,21.0,73,100,1.12,overcast clouds
471,Vila Franca Do Campo,PT,37.7167,-25.4333,57.61,69,100,12.39,overcast clouds
472,Todos Santos,MX,23.45,-110.2167,67.44,60,1,5.75,clear sky
473,Kaputa,ZM,-8.4689,29.6619,68.54,92,100,3.56,overcast clouds
474,Sharjah,AE,25.3573,55.4033,80.58,49,0,4.61,clear sky
475,Te Anau,NZ,-45.4167,167.7167,64.76,75,98,6.85,overcast clouds
476,Karratha,AU,-20.7377,116.8463,90.9,47,2,6.11,clear sky
477,Luderitz,NA,-26.6481,15.1594,70.09,74,5,1.63,clear sky
478,Renqiu,CN,38.6989,116.0936,51.76,58,97,16.87,overcast clouds
479,Tarakan,ID,3.3,117.6333,80.1,89,75,5.75,broken clouds
480,Komsomolskiy,UZ,40.4272,71.7189,48.92,81,77,2.3,broken clouds
481,Kaseda,JP,31.4167,130.3167,62.73,58,100,9.1,overcast clouds
482,Abha,SA,18.2164,42.5053,62.42,51,0,14.97,clear sky
483,Glencoe,ZA,-28.1783,30.147,59.63,97,71,2.19,broken clouds
484,Raymond,US,43.9015,-70.4703,40.15,65,100,3.65,overcast clouds
485,Sikonge,TZ,-5.6333,32.7667,62.91,95,100,4.76,overcast clouds
486,Northam,GB,51.0333,-4.2167,46.26,91,100,16.73,overcast clouds
487,Bengkulu,ID,-3.8004,102.2655,78.31,84,99,3.44,overcast clouds
488,Isangel,VU,-19.55,169.2667,86.11,70,20,6.91,few clouds
489,Ketchikan,US,55.3422,-131.6461,37.38,100,100,8.05,light snow
490,Pareora,NZ,-44.4871,171.2132,71.19,85,100,16.11,overcast clouds
491,Valparaiso,CL,-33.0393,-71.6273,62.65,73,0,10.89,clear sky
492,Inta,RU,66.0317,60.1659,8.02,81,100,20.78,overcast clouds
493,Palauig,PH,15.435,119.9045,84.31,62,98,1.7,overcast clouds
494,Crystal Beach,CA,42.8699,-79.0583,34.11,76,16,11.5,few clouds
495,Gao,ML,16.6362,1.637,75.54,12,10,11.43,clear sky
496,Talara,PE,-4.5772,-81.2719,75.81,80,100,8.37,overcast clouds
497,Ixtapa,MX,20.7,-105.2,72.63,60,0,11.5,clear sky
498,Callaguip,PH,18.0714,120.4867,82.42,65,75,3.44,broken clouds
499,Qasigiannguit,GL,68.8193,-51.1922,-9.89,90,100,4.61,overcast clouds
500,Kavaratti,IN,10.5669,72.642,82.09,71,18,5.39,few clouds
501,Rondonopolis,BR,-16.4708,-54.6356,73.53,91,33,0.87,scattered clouds
502,Wembley,AU,-31.9333,115.8,88.0,27,0,16.11,clear sky
503,Port Lincoln,AU,-34.7333,135.8667,66.96,67,72,10.56,broken clouds
504,Caldwell,US,43.6629,-116.6874,42.94,27,0,5.75,clear sky
505,Taltal,CL,-25.4,-70.4833,68.04,78,6,4.65,clear sky
506,Guaira,BR,-20.3183,-48.3106,73.67,67,37,1.5,scattered clouds
507,Seoul,KR,37.5683,126.9778,44.2,66,75,4.61,broken clouds
508,Flagstaff,US,35.1981,-111.6513,31.66,88,100,9.22,mist
509,Malanje,AO,-9.5402,16.341,65.43,97,100,3.51,overcast clouds
510,Sorland,NO,67.667,12.6934,41.88,91,100,14.56,overcast clouds
511,Machinga,MW,-15.1685,35.3,65.57,95,100,3.49,overcast clouds
512,Yar-Sale,RU,66.8333,70.8333,-5.91,92,100,8.43,overcast clouds
513,Miyako,JP,39.6367,141.9525,48.16,51,99,6.22,overcast clouds
514,Potiskum,NG,11.7091,11.0694,76.08,22,17,10.4,few clouds
515,Navahrudak,BY,53.6,25.8333,17.83,64,10,4.56,clear sky
516,Korla,CN,41.7597,86.1469,47.35,26,100,7.38,overcast clouds
517,Inyonga,TZ,-6.7167,32.0667,64.08,95,100,4.97,overcast clouds
518,Krasnyy Chikoy,RU,50.3643,108.7512,14.47,88,100,3.78,overcast clouds
519,Iguatu,BR,-6.3594,-39.2986,76.91,73,91,2.66,overcast clouds
520,Boende,CD,-0.2167,20.8667,69.13,99,100,2.42,moderate rain
521,Aripuana,BR,-9.1667,-60.6333,73.0,99,100,1.9,overcast clouds
522,Konosha,RU,60.9736,40.257,10.9,96,69,6.11,broken clouds
523,Nahrin,AF,36.0649,69.1334,57.52,38,100,6.29,overcast clouds
524,Illapel,CL,-31.6308,-71.1653,68.88,54,0,2.59,clear sky
525,Port-Gentil,GA,-0.7193,8.7815,81.54,78,100,8.66,overcast clouds
526,Norman Wells,CA,65.282,-126.8329,-3.96,59,75,8.05,broken clouds
527,Kenai,US,60.5544,-151.2583,37.02,93,100,20.71,light snow
528,Sosnovo,RU,60.5514,30.2144,25.25,90,100,11.32,overcast clouds
529,Alta Floresta,BR,-9.8756,-56.0861,71.28,97,97,1.9,overcast clouds
530,Hammerfest,NO,70.6634,23.6821,39.65,81,75,34.52,shower rain
531,Bestobe,KZ,52.4994,73.0975,-8.01,100,92,6.82,overcast clouds
532,Marienburg,PL,54.0359,19.0266,27.88,50,59,6.82,broken clouds
533,Ampanihy,MG,-24.7,44.75,73.35,91,0,7.0,clear sky
534,Kalabo,ZM,-14.97,22.6814,65.16,95,79,4.65,broken clouds
535,Half Moon Bay,US,37.4636,-122.4286,68.52,40,0,18.41,clear sky
536,Itacare,BR,-14.2775,-38.9967,77.23,88,46,6.98,scattered clouds
537,Rudnichnyy,RU,59.617,52.4703,-12.87,100,52,2.13,broken clouds
538,Souillac,MU,-20.5167,57.5167,79.18,89,40,4.61,scattered clouds
539,Emerald,AU,-23.5333,148.1667,82.54,69,100,9.22,overcast clouds
540,Nagorsk,RU,59.3172,50.8078,-12.39,100,56,2.08,broken clouds
541,Krasnoselkup,RU,65.7,82.4667,-9.76,100,97,2.82,overcast clouds
542,Coruripe,BR,-10.1256,-36.1756,78.48,77,77,9.17,broken clouds
543,Yeppoon,AU,-23.1333,150.7333,82.18,74,35,13.76,light rain
544,Daoukro,CI,7.0591,-3.9631,76.48,79,72,4.45,broken clouds
545,Pitimbu,BR,-7.4706,-34.8086,81.19,72,92,11.61,overcast clouds
546,Westport,US,41.1415,-73.3579,43.02,70,0,3.44,clear sky
547,Wuchang,CN,44.9143,127.15,32.27,44,0,16.42,clear sky
548,Trincomalee,LK,8.5711,81.2335,79.83,72,97,5.28,overcast clouds
549,Gainesville,US,29.6516,-82.3248,66.92,89,0,0.0,clear sky
550,Makurdi,NG,7.7411,8.5121,85.91,43,16,7.07,few clouds
551,Kurchum,KZ,48.5722,83.6542,3.27,99,100,1.79,overcast clouds
552,Praia,CV,14.9215,-23.5087,69.04,79,1,16.93,clear sky
553,Monrovia,LR,6.3005,-10.7969,79.48,92,34,6.06,scattered clouds
554,Pangnirtung,CA,66.1451,-65.7125,-9.98,99,100,1.28,overcast clouds
555,Shu,KZ,43.5983,73.7614,45.66,77,100,6.17,light rain
556,Mehran,IR,33.1222,46.1646,67.62,53,100,3.62,overcast clouds
557,Tibu,CO,8.639,-72.7358,76.91,82,55,0.11,broken clouds
558,Hambantota,LK,6.1241,81.1185,75.54,100,20,3.44,few clouds
559,Chizhou,CN,30.6578,117.4831,69.13,58,6,1.54,clear sky
560,Langsa,ID,4.4683,97.9683,76.17,92,94,2.06,overcast clouds
561,Burhaniye,TR,39.5004,26.9727,33.71,60,40,16.11,scattered clouds
562,Skegness,GB,53.1436,0.3363,50.07,82,37,14.85,scattered clouds
563,Iida,JP,35.5197,137.8207,53.67,30,2,3.96,clear sky
564,Sol-Iletsk,RU,51.1631,54.9918,14.61,94,100,19.44,light snow
565,Taywarah,AF,33.35,64.4167,36.45,76,100,4.5,overcast clouds
566,Lavrentiya,RU,65.5833,-171.0,13.08,68,0,14.61,clear sky
567,Homer,US,59.6425,-151.5483,42.69,71,100,5.75,light rain
568,Zhicheng,CN,30.2956,111.5047,68.38,65,0,1.83,clear sky
569,Yangambi,CD,0.8102,24.4336,70.68,97,100,2.1,light rain
570,Makat,KZ,47.6469,53.3463,28.94,95,100,10.49,overcast clouds
571,Lodwar,KE,3.1191,35.5973,82.98,36,21,4.07,few clouds
572,Dibulla,CO,11.2725,-73.3091,78.31,83,42,3.87,scattered clouds
573,Cloquet,US,46.7216,-92.4594,17.67,56,100,5.75,overcast clouds
574,Aksarka,RU,66.5606,67.7975,-3.08,90,100,10.76,overcast clouds
575,Svetlogorsk,BY,52.6333,29.7333,17.19,72,7,9.82,clear sky
576,Inhambane,MZ,-23.865,35.3833,74.95,87,11,9.69,few clouds
577,Nokaneng,BW,-19.6667,22.2667,69.06,85,98,4.09,light rain
578,Tahta,EG,26.7693,31.5021,53.35,36,0,11.43,clear sky
579,Vyazemskiy,RU,47.5378,134.7525,31.64,80,6,11.74,clear sky
580,Maragogi,BR,-9.0122,-35.2225,79.25,72,82,8.84,broken clouds
581,Havelock,US,34.8791,-76.9013,49.95,93,100,5.01,overcast clouds
582,Sharanga,RU,57.1775,46.5396,-3.68,99,29,3.47,scattered clouds
583,Gilgit,PK,35.9221,74.3087,37.71,56,14,4.05,few clouds
584,Sabalgarh,IN,26.25,77.4,67.05,35,0,2.44,clear sky
585,Konstantinovskoye,RU,45.2992,42.6367,28.98,68,100,10.85,overcast clouds
586,Sterling,US,39.0062,-77.4286,48.2,59,100,3.44,overcast clouds
587,Hirtshals,DK,57.5881,9.9592,36.84,81,0,15.86,clear sky
588,Ankara,TR,39.9199,32.8543,26.2,63,75,17.27,broken clouds
589,Sao Jose Da Coroa Grande,BR,-8.8978,-35.1478,79.36,73,67,8.81,broken clouds
590,Kamaishi,JP,39.2667,141.8833,47.03,62,100,10.13,overcast clouds
591,Simao,CN,22.7886,100.9748,67.55,38,6,1.05,clear sky
592,Awbari,LY,26.5921,12.7805,50.76,31,100,7.67,overcast clouds
593,Leshan,CN,29.5623,103.7639,69.55,55,0,2.53,clear sky
594,Tafresh,IR,34.692,50.013,48.2,68,61,23.02,broken clouds
595,Maniitsoq,GL,65.4167,-52.9,-8.9,92,32,5.73,scattered clouds
596,Zhezkazgan,KZ,47.8043,67.7144,24.64,90,100,14.88,snow
597,Sarakhs,IR,36.5449,61.1577,59.14,72,100,2.3,overcast clouds
598,Guiberoua,CI,6.2392,-6.1727,77.5,82,96,4.5,overcast clouds
599,Americus,US,32.0724,-84.2327,66.33,82,40,3.44,scattered clouds
600,Paamiut,GL,61.994,-49.6678,-1.62,92,60,12.46,broken clouds
601,Dwarka,IN,22.2394,68.9678,74.16,75,0,10.94,clear sky
602,Tikrit,IQ,34.6071,43.6782,57.2,58,97,14.56,overcast clouds
603,Alofi,NU,-19.0595,-169.9187,84.09,79,75,9.22,broken clouds
604,Zhenjiang,CN,32.2092,119.4342,67.8,63,3,3.38,clear sky
605,Cabo Rojo,PR,18.0866,-67.1457,78.67,85,0,11.52,clear sky
606,Preobrazheniye,RU,42.9019,133.9064,43.99,60,22,7.29,few clouds
607,Byron Bay,AU,-28.65,153.6167,67.89,90,100,10.89,light rain
608,Lamar,US,33.6668,-95.5836,60.71,39,0,6.91,clear sky
609,Saint-Louis,SN,16.3333,-15.0,78.44,9,55,11.52,broken clouds
610,Brooks,CA,50.5834,-111.8851,10.38,56,97,2.3,overcast clouds
611,Shizuishan,CN,39.2333,106.7694,52.88,61,100,3.49,overcast clouds
612,Hami,CN,42.8,93.45,44.2,47,1,11.21,clear sky
613,Christchurch,NZ,-43.5333,172.6333,82.33,45,50,8.05,scattered clouds
614,Nizhnyaya Omka,RU,55.4338,74.9426,-10.43,99,20,7.76,few clouds
615,Hay River,CA,60.8156,-115.7999,-2.24,54,20,0.0,few clouds
616,Santa Rosa,PH,14.3122,121.1114,82.11,76,100,8.55,overcast clouds
617,Nikolayevsk-Na-Amure,RU,53.1406,140.73,24.82,90,100,7.43,overcast clouds
618,Aleksandrov,RU,56.4,38.71,6.44,98,70,3.4,broken clouds
619,Hovd,MN,48.0056,91.6419,21.97,50,0,13.96,clear sky
620,Kulhudhuffushi,MV,6.6221,73.07,82.35,71,2,5.14,clear sky
621,Canutama,BR,-6.5339,-64.3831,73.54,97,40,2.89,scattered clouds
622,Sao Joao Da Barra,BR,-21.6403,-41.0511,78.89,83,42,17.2,scattered clouds
623,Kongwa,TZ,-6.2,36.4167,64.47,98,100,3.33,overcast clouds
624,Misratah,LY,32.3754,15.0925,53.31,59,75,1.54,broken clouds
625,Madang,PG,-5.2246,145.7966,87.06,61,20,2.13,few clouds
626,Kayerkan,RU,69.3497,87.7602,-27.56,99,95,5.48,overcast clouds
627,Cootamundra,AU,-34.65,148.0333,71.94,43,5,7.34,clear sky
628,Peniche,PT,39.3558,-9.3811,59.29,92,100,22.84,light rain
629,Kieta,PG,-6.2167,155.6333,85.69,67,84,5.64,broken clouds
630,San Bernardo,CL,-33.6,-70.7167,76.05,24,3,3.18,clear sky
631,Wagar,SD,16.1525,36.2032,77.36,64,57,18.63,broken clouds
632,Dunedin,NZ,-45.8742,170.5036,66.79,73,100,7.0,overcast clouds
633,Palmer,US,42.1584,-72.3287,38.75,76,75,4.61,broken clouds
634,Kumbhraj,IN,24.3667,77.05,69.19,35,1,4.59,clear sky
635,Sarahan,IN,31.5167,77.8,38.5,40,0,11.23,clear sky
636,Yambio,SS,4.5721,28.3955,74.08,50,28,4.32,scattered clouds
637,Manuk Mangkaw,PH,4.8,119.85,82.06,77,92,6.49,overcast clouds
638,Brigantine,US,39.4101,-74.3646,40.05,82,0,0.0,clear sky
639,Kuusamo,FI,65.9667,29.1833,28.44,93,100,10.36,overcast clouds
640,Quang Ngai,VN,15.1167,108.8,72.72,80,19,5.3,few clouds
641,Tambacounda,SN,13.7539,-13.7586,86.05,14,100,6.91,overcast clouds
642,Terrace,CA,54.5163,-128.6035,35.51,100,100,2.3,overcast clouds
643,Aromashevo,RU,56.8602,68.6375,-20.67,100,100,4.7,overcast clouds
644,Japura,ID,-0.3167,102.35,76.08,94,77,0.83,broken clouds
645,Vanavara,RU,60.34,102.2797,-15.92,98,81,4.5,broken clouds
646,Rodos,GR,36.4408,28.2225,44.26,47,40,18.41,scattered clouds
647,Araouane,ML,18.9048,-3.5265,70.34,13,6,11.97,clear sky
648,Hondo,JP,32.45,130.2,58.75,64,100,3.74,overcast clouds
649,Truth Or Consequences,US,33.1284,-107.2528,64.63,13,0,23.02,clear sky
650,Dzerzhinsk,RU,56.2389,43.4631,13.82,67,75,2.24,broken clouds
651,Norilsk,RU,69.3535,88.2027,-29.61,99,89,6.15,overcast clouds
652,Pundaguitan,PH,6.3711,126.1689,81.99,79,74,8.79,broken clouds
653,Flinders,AU,-34.5833,150.8552,74.05,61,13,4.0,few clouds
654,General Roca,AR,-39.0333,-67.5833,63.63,33,3,8.59,clear sky
655,Chornukhy,UA,50.2673,32.942,17.4,84,100,17.98,overcast clouds
656,Guerrero Negro,MX,27.9769,-114.0611,62.02,67,100,17.69,overcast clouds
657,Bahia Honda,CU,22.9036,-83.1592,75.81,80,11,10.02,few clouds
658,Victor Harbor,AU,-35.5667,138.6167,64.99,72,79,8.99,broken clouds
659,Necochea,AR,-38.5473,-58.7368,60.82,66,51,10.49,broken clouds
660,Vanderhoof,CA,54.0166,-124.0198,30.97,82,100,2.89,overcast clouds
661,Zastron,ZA,-30.3023,27.084,59.29,63,0,5.19,clear sky
662,Eskisehir,TR,39.7767,30.5206,26.47,80,75,11.5,broken clouds
663,Kyshtovka,RU,56.555,76.6271,-22.61,100,60,5.66,broken clouds
664,Maxixe,MZ,-23.8597,35.3472,73.71,90,8,8.3,clear sky
665,Adre,TD,13.4667,22.2,71.98,25,25,25.17,scattered clouds
666,Mecca,SA,21.4267,39.8261,71.83,85,25,4.27,scattered clouds
667,Ahuimanu,US,21.4447,-157.8378,85.14,70,40,9.22,scattered clouds
668,Namibe,AO,-15.1961,12.1522,72.34,84,100,5.97,overcast clouds
669,Minab,IR,27.1467,57.0801,74.46,45,10,1.03,clear sky
670,Jodoigne,BE,50.7236,4.8691,47.59,49,5,6.91,clear sky
671,Bandar-E Lengeh,IR,26.5579,54.8807,75.31,73,49,9.22,scattered clouds
672,Teya,RU,60.3778,92.6267,-24.52,100,76,1.79,broken clouds
673,Newport,GB,51.5877,-2.9984,50.11,86,99,9.13,overcast clouds
674,Kombissiri,BF,12.0656,-1.3375,82.29,9,47,8.88,scattered clouds
675,Marrakesh,MA,31.6315,-8.0083,57.27,67,0,3.44,clear sky
676,Kobayashi,JP,31.9833,130.9833,54.37,54,100,3.0,overcast clouds
677,Kichera,RU,55.9375,110.0997,7.45,91,91,1.88,overcast clouds
678,Turukhansk,RU,65.8167,87.9833,-25.56,99,100,3.51,overcast clouds
679,Batticaloa,LK,7.7102,81.6924,78.49,79,100,4.43,overcast clouds
680,Saint-Michel-Des-Saints,CA,46.6834,-73.9159,15.66,97,96,2.48,overcast clouds
681,Manokwari,ID,-0.8667,134.0833,82.17,72,99,5.23,overcast clouds
